term,estimate,std.error,statistic,p.value
distance_km,-0.122240521265046,0.000410637940971469,-297.684429684833,0
