term,estimate,std.error,statistic,p.value
distance_km,-0.122240521265114,0.0050364627025779,-24.2711062275008,3.959013926366e-130
